<?xml version="1.0" encoding="UTF-8"?>  
<!DOCTYPE generatorConfiguration  
  PUBLIC "-//mybatis.org//DTD MyBatis Generator Configuration 1.0//EN"  
  "http://mybatis.org/dtd/mybatis-generator-config_1_0.dtd">  
<generatorConfiguration>  
<!-- 数据库驱动-->  
    <classPathEntry  location="mysql-connector-java-5.0.6-bin.jar"/>  
    <context id="DB2Tables"  targetRuntime="MyBatis3">  
        <commentGenerator>  
            <property name="suppressDate" value="false"/>  
            <!-- 是否去除自动生成的注释 true：是 ： false:否 -->  
            <property name="suppressAllComments" value="true"/>  
        </commentGenerator>  
        <!--数据库链接URL，用户名、密码 -->  
        <jdbcConnection driverClass="com.mysql.jdbc.Driver" connectionURL="jdbc:mysql://127.0.0.1:3306/qichen" userId="qichen" password="qichenziben1">  
        </jdbcConnection>  
        <javaTypeResolver>  
            <property name="forceBigDecimals" value="false"/>  
        </javaTypeResolver>  
        <!-- 生成模型的包名和位置-->  
        <javaModelGenerator targetPackage="com.qichen.po" targetProject="src">  
            <property name="enableSubPackages" value="true"/>  
            <property name="trimStrings" value="true"/>  
        </javaModelGenerator>  
        <!-- 生成映射文件的包名和位置-->  
        <sqlMapGenerator targetPackage="com.qichen.sqlMapping" targetProject="src">  
            <property name="enableSubPackages" value="true"/>  
        </sqlMapGenerator>  
        <!-- 生成DAO的包名和位置-->  
        <javaClientGenerator type="XMLMAPPER" targetPackage="com.qichen.dao" targetProject="src">  
            <property name="enableSubPackages" value="true"/>  
        </javaClientGenerator>  
        <!-- 要生成哪些表-->  
        <table tableName="Borrower" domainObjectName="Borrower" enableCountByExample="fasle" enableUpdateByExample="fasle" enableDeleteByExample="fasle" enableSelectByExample="fasle" selectByExampleQueryId="fasle"></table>
        <table tableName="Collateral" domainObjectName="Collateral" enableCountByExample="fasle" enableUpdateByExample="true" enableDeleteByExample="fasle" enableSelectByExample="fasle" selectByExampleQueryId="fasle"></table>
        <table tableName="Dept" domainObjectName="Dept" enableCountByExample="fasle" enableUpdateByExample="fasle" enableDeleteByExample="fasle" enableSelectByExample="fasle" selectByExampleQueryId="fasle"></table>
        <table tableName="Order" domainObjectName="Order" enableCountByExample="fasle" enableUpdateByExample="fasle" enableDeleteByExample="fasle" enableSelectByExample="fasle" selectByExampleQueryId="fasle"></table>
        <table tableName="Investor" domainObjectName="Investor" enableCountByExample="fasle" enableUpdateByExample="fasle" enableDeleteByExample="fasle" enableSelectByExample="fasle" selectByExampleQueryId="fasle"></table>
        <table tableName="Staff" domainObjectName="Staff" enableCountByExample="fasle" enableUpdateByExample="fasle" enableDeleteByExample="fasle" enableSelectByExample="fasle" selectByExampleQueryId="fasle"></table>
    </context>  
</generatorConfiguration>  