<?xml version="1.0" encoding="UTF-8"?>  
<beans xmlns="http://www.springframework.org/schema/beans"  
    xmlns:xsi="http://www.w3.org/2001/XMLSchema-instance" xmlns:context="http://www.springframework.org/schema/context"  
    xmlns:tx="http://www.springframework.org/schema/tx" xmlns:mongo="http://www.springframework.org/schema/data/mongo"  
    xmlns:repository="http://www.springframework.org/schema/data/repository"
    xsi:schemaLocation="  
        http://www.springframework.org/schema/beans http://www.springframework.org/schema/beans/spring-beans-4.0.xsd  
        http://www.springframework.org/schema/context http://www.springframework.org/schema/context/spring-context-4.0.xsd  
        http://www.springframework.org/schema/tx http://www.springframework.org/schema/tx/spring-tx-4.0.xsd  
        http://www.springframework.org/schema/data/mongo http://www.springframework.org/schema/data/mongo/spring-mongo-1.7.xsd
        http://www.springframework.org/schema/data/repository http://www.springframework.org/schema/data/repository/spring-repository-1.5.xsd"  
    default-lazy-init="true">  
<context:component-scan base-package="com.qichen" />  
    <!-- <context:annotation-config /> -->  
  
<tx:annotation-driven transaction-manager="transactionManager"  
        proxy-target-class="true" />  
    <!-- 提供该PropertyPlaceholderConfigurer bean支持把properties文件中的信息读取到XML配置文件的表达式中 -->  
    <!-- 从Spring2.5开始引入命名空间配置加载properties文件到XML -->  
    <context:property-placeholder location="classpath:mongodb.properties" />  
  	
  	<!-- connections-per-host 最大连接数 threads-allowed-to-block-for-connection-multiplier 最大阻塞线程数-->
 <mongo:mongo-client host="${mongo.host}" port="${mongo.port}" id="mongo" >      
       <mongo:client-options write-concern="SAFE"
       connections-per-host="${mongo.connections}" 
       threads-allowed-to-block-for-connection-multiplier="${mongo.connectionThreads}"
       max-wait-time="6000"  connect-timeout="6000" socket-keep-alive="true" 
       />      
    </mongo:mongo-client>     
    
    <mongo:db-factory  id="dbFactory" dbname="test" mongo-ref="mongo" />      


    <!-- mongo模板操作对象 -->  
  <bean id="mongoTemplate" class="org.springframework.data.mongodb.core.MongoTemplate">  
       <constructor-arg name="mongoDbFactory" ref="dbFactory"></constructor-arg>  
         <property name="writeResultChecking" value="EXCEPTION"/>  
    </bean>  
     <bean id="multipartResolver" class="org.springframework.web.multipart.commons.CommonsMultipartResolver">
     	<property name="maxUploadSize" value="2000000"></property>
     </bean>
<!-- 
  MongoDB GridFS Template 支持，操作mongodb存放的文件  
    <mongo:mapping-converter id="converter" db-factory-ref="dbFactory"/>  
     
    <bean id="gridFsTemplate" class="org.springframework.data.mongodb.gridfs.GridFsTemplate">  
      <constructor-arg ref="dbFactory"/>  
      <constructor-arg ref="converter"/>  
    </bean>   -->
  <!-- 	<bean id="validator" class="org.springframework.validation.beanvalidation.LocalValidatorFactoryBean" lazy-init="true"/>  -->
  
  
    <!-- 映射转换器，扫描back-package目录下的文件，根据注释，把它们作为mongodb的一个collection的映射 -->    
    <!-- <mongo:mapping-converter base-package="com.gooddeep.mongdb.helper" />   -->  
    
    <!-- mongodb bean的仓库目录，会自动扫描扩展了MongoRepository接口的接口进行注入 -->    
    <!--  <mongo:repositories base-package="com.gooddeep.mongdb.helper" />  -->  
    
   <!--  <context:annotation-config />   -->  
  
  
  
</beans>