<?xml version="1.0" encoding="UTF-8"?>
<beans xmlns="http://www.springframework.org/schema/beans"
	xmlns:xsi="http://www.w3.org/2001/XMLSchema-instance"
	xmlns:context="http://www.springframework.org/schema/context"
	xmlns:p="http://www.springframework.org/schema/p"
	xmlns:mvc="http://www.springframework.org/schema/mvc"
	xsi:schemaLocation="http://www.springframework.org/schema/beans
	http://www.springframework.org/schema/beans/spring-beans.xsd
	http://www.springframework.org/schema/context
	http://www.springframework.org/schema/context/spring-context.xsd
	http://www.springframework.org/schema/mvc
	http://www.springframework.org/schema/mvc/spring-mvc.xsd">
	<context:component-scan base-package="com.qichen.action"></context:component-scan>
	<mvc:annotation-driven></mvc:annotation-driven>
	<!-- 注册用于支持基于注解的控制器的请求处理方法的bean对象 -->
	<mvc:resources location="/" mapping="/*.html"></mvc:resources>
	<!-- 指示SpringMVC哪些静态资源需要单独处理（不通过dispatcherServlet） -->
	<bean id="viewResolver" class="org.springframework.web.servlet.view.InternalResourceViewResolver">
		<property name="prefix" value="/WEB-INF/View/"></property>
		<property name="suffix" value=".jsp"></property>
	</bean>
	<!-- 配置视图解析器  为所有视图添加视图前缀和后缀 -->
	</beans>
	